casename,final_diagnosis,internistai_7b_output_raw,biomistral_7b_output_raw,internistai_7b_latency_s,biomistral_7b_latency_s
Case 16-2020: A 47-Year-Old Woman with Recurrent Melanoma and Pulmonary Nodules,Pulmonary histoplasmosis,"1. Metastasis: The patient has a history of malignant melanoma and now presents with new abnormalities on chest imaging, including patchy consolidation in the left upper lobe, bilateral hilar and mediastinal lymphadenopathy, and numerous bilateral scattered solid pulmonary nodules with associated ground-glass halos. This pattern of lung involvement is highly concerning for metastasis, given the patient's known history of melanoma. Additionally, the stability of the other pulmonary nodules and hepatic lesions seen on imaging suggests that these are likely old, benign lesions. Therefore, the development of new abnormalities points towards a more aggressive process like metastasis.

2. Infection: While the patient's symptoms and imaging findings can suggest metastasis, there are some important factors to consider when considering infection as a potential diagnosis. First, the patient traveled to a region where certain infectious diseases are endemic, such as South America. Second, her family members experienced transient symptoms upon returning home, which could be consistent with an infectious exposure. It's possible that the patient may have acquired an opportunistic infection due to her weakened immune system from the immunotherapy. However, further diagnostic workup would be needed to confirm an infection.

3. Drug-induced lung toxicity: Given the patient's recent initiation of pembrolizumab therapy, it's essential to consider drug-induced lung toxicity as a possibility. This medication is known to cause immune-mediated side effects, including inflammation of the lungs. The imaging findings of patchy consolidation and ground-glass opacities can be indicative of this type of lung toxicity. However, the stability of the other pulmonary nodules and hepatic lesions makes it less likely to be drug-related.

In conclusion, the combination of the patient's history of malignant melanoma, new abnormalities on chest imaging, and the recent initiation of immunotherapy make metastasis the most likely diagnosis. However, it's crucial to keep other possibilities in mind, such as infection and drug-induced lung toxicity, and pursue further investigations to rule them out.

Please note that this explanation is based on the provided information. Further investigations and evaluations may lead to different conclusions. It is","1. 18F-FDG–avid pulmonary nodules and hepatic lesions, with regional lymph node involvement, in the setting of previously documented metastatic melanoma, suggests possible recurrence of melanoma. However, the absence of skin lesions makes it difficult to determine whether these manifestations represent metastasis or a primary tumor.",26.025190353393555,4.410111904144287
Case 27-2020: A 53-Year-Old Woman with Headache and Gait Imbalance,Human immunodeficiency virus type 2 infection and cerebral toxoplasmosis,"1. Metastatic Carcinoma: This patient's clinical presentation and imaging findings (enhancing intraaxial lesion with necrosis and surrounding edema, enlarged thyroid gland, pulmonary nodules, and lytic osseous lesions) are highly suggestive of metastatic carcinoma. Metastasis can cause symptoms related to the primary tumor, such as headaches, weakness, and gait instability, and may also produce secondary effects due to compression or obstruction. 

2. Primary CNS Lymphoma: Given the presence of a solitary intraaxial brain lesion with surrounding edema, the clinical suspicion should be high for primary central nervous system (CNS) lymphoma. However, this condition is typically seen in patients with known immunocompromising conditions, such as HIV/AIDS, or those who are immunosuppressed due to organ transplantation or chemotherapy. As this patient has a history of HIV infection and has positive results for antibodies to HIV type 1 (HIV-1), it increases the likelihood of a diagnosis of primary CNS lymphoma.

3. Neurocysticercosis: Although the patient does not report any history of travel to areas where neurocysticercosis is common, her symptoms, along with the presence of an enhancing lesion on MRI, suggest this possibility. Neurocysticercosis is a parasitic infection caused by Taenia solium eggs ingested via fecal-oral contamination. The cysts often develop within the brain parenchyma and can cause seizures, headaches, and signs of increased intracranial pressure. 

In conclusion, these three conditions are the most probable causes of the patient's clinical presentation given her symptoms, medical history, and imaging findings. Further investigations would be necessary to confirm the exact diagnosis. 

Remember, always consider the patient's medical history, presenting symptoms, and diagnostic imaging when formulating a differential diagnosis. Always consider the most likely possibilities first based on the available information, but remember to keep an open mind as new information can change the focus. 

Always strive to provide clear and concise reasoning behind your choices. It is important to understand why certain conditions are more likely than others, especially considering the potential consequences of misdi","1. 1. Cerebral metastases of undetermined origin. 2. Secondary central nervous system lymphoma. 3. Primary CNS lymphoma. 4. Neurosyphilis. 5. Progressive multifocal leukoencephalopathy. 6. Tuberculosis meningitis. 7. Human immunodeficiency virus (HIV)-associated cerebral toxoplasmosis. 8. Cryptococcal meningitis. 9. Coccidioidal meningitis. 10. Histoplasmosis of the brain. 11. Talaromycosis (formerly Penicillium marneffei). 12. Listeriosis. 13. Cat scratch disease. 14. Neurosarcoidosis. 15. Cerebral venous thrombosis. 16. Infectious cerebritis. 17. Ischemic stroke. 18. Cerebral autosomal dominant arteriopathy with subcortical infarcts and leukoencephalopathy (CADASIL). 19. Other rare monogenic disorders (e.g., Fabry disease, Niemann–Pick disease, etc.). 20. Metabolic disorders (e.g., urea cycle disorder, phenylketonuria, homocystinuria, etc.)",26.0911602973938,17.223056316375732
"Case 32-2020: A 63-Year-Old Man with Confusion, Fatigue, and Garbled Speech",Borrelia miyamotoi infection,"1. Neurosyphilis: This patient's symptoms of altered mental status, headaches, garbled speech, and cranial nerve involvement (limited upwards gaze, hyperreflexia, pectoralis reflexes) suggest central nervous system involvement. Neurosyphilis should be considered in patients with these findings who have risk factors for syphilis. However, the CSF VDRL test is negative, making neurosyphilis less likely.

2. 	Paraneoplastic syndrome: Paraneoplastic syndromes can occur in association with various malignancies and can cause a wide variety of neurologic manifestations. This patient has been treated for a history of primary membranous nephropathy, which is a type of kidney cancer. However, the patient's symptoms do not clearly fit any specific paraneoplastic syndrome. Additionally, his symptoms have not significantly improved with steroid therapy, which would typically be used in the treatment of paraneoplastic syndromes.

3. 	Cryptococcal meningitis: Cryptococcal meningitis is a fungal infection that can cause meningeal inflammation. It often occurs in immunocompromised individuals. However, the patient's blood and CSF cultures were negative for Cryptococcus neoformans, making this diagnosis unlikely.

It is important to note that this patient has been through extensive workup without a definitive diagnosis yet. Further testing may be necessary to identify the underlying cause of his symptoms.

Note: The correct diagnosis is actually Lyme disease, which was missed due to the negative serologies at the time. The patient's symptoms and history are consistent with Lyme disease, including the presence of Borrelia burgdorferi antibodies in the CSF, the positive MRI findings, and the patient's recent travel to areas where Lyme disease is endemic. Therefore, Lyme disease should always be considered in patients with unexplained neurologic symptoms, particularly if they have a history of exposure to ticks in endemic areas.

The clinical case above does not mention the presence of an ocular migraine or any related symptoms, so it would not be relevant to discuss it as part of the differential diagnosis. However, it is worth noting that ocular migraines are a common condition and should be considered when evaluating patients with","1. β-hemolytic Streptococcus meningitis. The patient has all of the classic signs and symptoms of meningitis, including fever, headache, vomiting, confusion, and neck stiffness, as well as the classic findings of meningismus, bradycardia, and positive Kernig’s sign. He also has many ancillary test results suggestive of bacterial meningitis, such as elevated WBC count, CSF pressure of less than 10 cm H2O, and CSF protein level of greater than 250 mg per dL. The low CSF glucose level and normal CSF lactate level are not specific for bacterial meningitis and may have been influenced by the patient’s diabetes. The finding of gram-positive cocci on Gram stain and the negative blood cultures make streptococcal meningitis the most likely infectious cause of the patient’s symptoms.",27.823821544647217,11.814510583877563
Case 39-2020: A 29-Month-Old Boy with Seizure and Hypocalcemia,Vitamin D deficiency,"1. Rickets: Rickets is a condition characterized by defective mineralization of bone due to vitamin D deficiency. It can cause skeletal abnormalities such as bowlegs and knock-knees, as well as muscle weakness and delayed growth. The patient's history of refusing routine childhood vaccinations, which often contain vitamin D, combined with his symptoms of hypocalcemia and skeletal deformities suggest rickets as a possible diagnosis.

2.  Hypoparathyroidism: Hypoparathyroidism is a condition characterized by low levels of parathyroid hormone, leading to decreased calcium absorption from the gut and increased renal calcium excretion. This can result in hypocalcemia and associated symptoms like seizures, muscle spasms, and tetany. The patient's history of seizures, hypocalcemia, and family history of varus knee deformity (a common manifestation of hypoparathyroidism) make this diagnosis a strong possibility.

3.  Vitamin D-dependent rickets type 1: This is a rare inherited disorder caused by mutations in the vitamin D receptor gene. It results in impaired intestinal absorption of calcium and phosphorus, leading to severe hypocalcemia, rickets, and skeletal deformities. The patient's symptoms, along with his history of refusing routine childhood vaccinations, which may have contained vitamin D, support this diagnosis as a consideration.

It's important to note that these are just the most likely differential diagnoses based on the information provided in the case presentation. Further testing and clinical evaluation would be necessary to confirm or rule out these possibilities.

Please feel free to ask if you have any questions!
  
This is just one potential interpretation of the case and could differ based on different interpretations of the clinical scenario. It's always crucial to consider the entire clinical picture when making a diagnosis. These three diagnoses are the ones that seem most likely given the details provided but without further contextual information, it's hard to say definitively what the correct answer might be. 

If you need clarifications, please let me know!

Regards,
The AI Clinical Assistant","1. 1. Vitamin D deficiency. Serum vitamin D levels should be checked and corrected if necessary. Patients with vitamin D deficiency may have a wide spectrum of neurological manifestations. However, the majority of patients present with abnormal bone mineralization leading to rickets in children or osteomalacia in adults. Rickets is characterized by painful bony swelling in the growth plate of the bones, resulting in deformities such as bending of the legs (knock-knee) and outward bending of the knees (genua vara). Osteomalacia causes generalized bone pain and muscle weakness. Other rare neurological complications of vitamin D deficiency include hypoparathyroidism, seizures, and tetany. 2. 2. Hypercalciuria. Hypercalciuria can cause nephrolithiasis and nephrocalcinosis, but it rarely leads to low serum calcium levels. 3. 3. Parathyroid adenoma. Primary hyperparathyroidism is rare in children. Low serum calcium levels are usually accompanied by high parathyroid hormone levels.",24.92851734161377,13.506969213485718
Case 3-2021: A 48-Year-Old Man with Transient Vision Loss,Systemic primary amyloidosis,"1. Graves' Ophthalmopathy: This is the most likely diagnosis given the patient's history of fatigue, weight loss, bilateral jaw pain, lateral hip soreness, sensation of locking when flexing or extending the right first finger, and the presence of a tender, irregular mass under the left superior orbital rim. Graves' ophthalmopathy is a condition characterized by inflammation and protrusion of the eyeballs due to an immune-mediated reaction involving the muscles and fatty tissues around the eyes. The clinical presentation and findings on examination, including the enlargement of the right medial rectus muscle with stranding of the adjacent extraconal fat, support this diagnosis. Additionally, the patient's laboratory results show elevated levels of alanine aminotransferase, aspartate aminotransferase, and alkaline phosphatase, which can be seen in hyperthyroidism, further supporting Graves' ophthalmopathy as the likely diagnosis.

2. Sarcoidosis: While sarcoidosis is less likely given the patient's symptoms, it is still a possibility based on the presence of an irregular mass under the left superior orbital rim and the abnormal liver findings. Sarcoidosis is a multisystem disorder characterized by noncaseating granulomas that can involve various organs, including the eyes. The patient's enlarged liver and enlarged periportal lymph node could be consistent with hepatic involvement in sarcoidosis. However, the absence of other characteristic features of sarcoidosis, such as skin rash or lupus pernio, makes this diagnosis less likely compared to Graves' ophthalmopathy.

3. Orbital Tumor: While an orbital tumor is a consideration due to the presence of a palpable mass under the left superior orbital rim, the absence of significant visual field deficits, optic nerve abnormalities, or other signs suggestive of an orbital neoplasm make this diagnosis less likely. Additionally, the patient's symptoms and clinical presentation are more consistent with Graves' ophthalmopathy.

Overall, given the patient's history, symptoms, and examination findings, Graves' ophthalmopathy remains the most likely diagnosis.",1. 1.Temporal arteritis with cranial neuropathy.2.Sarcoidosis with cranial neuropathy.3.Granulomatosis with polyangiitis with cranial neuropathy.,25.924153566360474,3.212789535522461
Case 36-2021: A 22-Year-Old Man with Pain and Erythema of the Left Hand,Erysipelothrix rhusiopathiae infection,"1. Erythema nodosum: This condition typically presents with painful, red nodules on the shins, but can also occur in other areas of the body including the hands. The patient's symptoms align with erythema nodosum due to the presence of violaceous bullae on the dorsal aspect of the left hand. Additionally, the spreading erythema and lack of systemic symptoms suggest a localized inflammatory response.

2. Cellulitis: The presence of erythema, warmth, and tenderness in the skin, along with the rapid progression of symptoms, suggests cellulitis. However, the absence of systemic signs such as fever, malaise, or lymphadenopathy makes it less likely. Furthermore, the presence of bullae is not typical for cellulitis.

3. Pyoderma gangrenosum: This is an uncommon disorder characterized by painful ulcers that typically begin as small pustules or papules and then rapidly enlarge and become necrotic. Although the patient's symptoms do not match exactly, pyoderma gangrenosum should be considered in the differential diagnosis due to the presence of violaceous bullae.

It is important to note that additional investigations may be necessary to confirm the diagnosis, such as skin biopsy or imaging studies. The patient's clinical presentation, however, provides strong clues towards erythema nodosum as the most likely diagnosis.

Remember to always consider the patient's history, physical examination findings, and any pertinent lab results when determining the differential diagnoses. These factors help narrow down the possibilities and guide appropriate treatment.

Remember that the goal of a differential diagnosis is to generate a list of potential diseases or conditions that could explain the patient's presenting symptoms, so further investigation and diagnostic tests can be carried out to confirm the final diagnosis. Always prioritize the most likely diagnoses based on the information provided in the clinical scenario. 

I hope this helps! Let me know if you need further clarification on anything.","1. 1): Acute Idiopathic Spondyloarthritis (SpA) is an autoinflammatory disorder that causes inflammation in the ligaments, tendons, joints, eyes, skin, and intestines. It can manifest as a chronic condition or as an acute episode of symptoms. SpA is often accompanied by other symptoms such as fever, malaise, fatigue, and weight loss .",21.775882720947266,4.825640439987183
"Case 3-2022: A 14-Year-Old Boy with Fever, Joint Pain, and Abdominal Cramping",Inflammatory bowel disease (Crohn’s disease),"1. Lyme Disease - This is a common tick-borne illness in the United States and can present with various symptoms including fatigue, fever, joint pain, and abdominal symptoms. The patient's history of spending time in wooded areas, along with the presence of a tick bite, makes this diagnosis highly plausible. Additionally, Lyme disease can cause joint pain and inflammation, which aligns with the patient's symptoms. The elevated white-cell count, erythrocyte sedimentation rate, and C-reactive protein levels further support this possibility.

2. 
Juvenile Idiopathic Arthritis - This is a chronic inflammatory disease that primarily affects children and causes joint pain, swelling, and stiffness. It typically presents between ages 6 months and 16 years. Given the patient's age and the absence of redness, swelling, or stiffness of the joints, this diagnosis should be considered. However, the other symptoms such as fever, fatigue, abdominal cramping, and diarrhea make it less likely.

3. 
Inflammatory Bowel Disease (IBD) - IBD, specifically Crohn's disease, can present with joint pain, abdominal cramping, and diarrhea. While the patient does have these symptoms, the presence of fever, fatigue, and joint pain without redness, swelling, or stiffness of the joints makes this diagnosis less likely. Additionally, the positive fecal occult blood test could suggest inflammation within the bowels, but it doesn't necessarily point towards IBD.

Overall, Lyme Disease is the most likely diagnosis based on the patient's history, symptoms, and laboratory findings. Further testing, such as serologic tests for Lyme disease, would be necessary to confirm the diagnosis. The other two diagnoses are less likely but still need to be considered due to their similarities with some of the patient's symptoms.

Remember, always consider the patient's medical history, physical exam findings, and other relevant information to arrive at the most accurate differential diagnosis.

Please note that this explanation is based on general knowledge and may not apply to every individual case. Always consult with a healthcare professional for a personalized assessment and management plan.

I hope this helps!","1. 2019 Novel Coronavirus (COVID-19): Considering the ongoing COVID-19 pandemic, this diagnosis should be considered as one of the differentials in patients presenting with fever, joint pains, and diarrhea. This disease has a wide spectrum of manifestations including fever, cough, shortness of breath, diarrhea, and joint pains. It may present with either bilateral or unilateral joint pain. Joint pain may be present alone or accompanied by stiffness and swelling. Joint pain typically resolves within 7–10 days. However, it can be quite debilitating and can last for more than 3 months in some cases. The etiology of joint pain in COVID-19 is not clearly understood, but it is believed to be due to either direct invasion of synovial tissues by SARS-CoV-2 or an immune-mediated mechanism (1–3).",25.714771509170532,10.690371751785278
Case 15-2022: A 57-Year-Old Man with Persistent Cough and Pulmonary Opacities,Aspiration pneumonia,"1. Invasive Fungal Pulmonary Disease (IFPD): IFPD is characterized by the presence of fungi in the lower respiratory tract causing invasive pneumonia, which is suggested by the recurrent infections, especially in patients with risk factors like immunocompromised status or prolonged neutropenia. The patient has a history of polyarteritis nodosa and has received high dose steroids. The BAL fluid and transbronchial biopsy showed evidence of acute inflammation, bronchial columnar cells, and pulmonary macrophages indicating an infection. The repeated BAL cultures growing fungi (Candida albicans, Enterococcus species) and a positive galactomannan test also suggest IFPD. The treatment with Voriconazole further supports this diagnosis.

2.  Chronic Obstructive Pulmonary Disease (COPD): COPD typically presents with chronic cough and dyspnea. It may be complicated by frequent respiratory infections, as seen in this patient. However, the presence of new opacities, particularly in the right lung, and the extensive involvement of the lung in the CT scan suggests a different process.

3.  Diffuse Lung Disease: The extensive opacities seen in the CT scan, the bronchial wall thickening, and the patchy opacities suggest a diffuse lung disease. This could be due to various causes including connective tissue diseases, drug toxicity, etc., but the history does not strongly point towards one specific cause.

Note: While all three conditions can potentially cause respiratory issues and may appear similar in some aspects, their distinct features (such as the patient's risk factors, physical exam findings, and imaging results) make them distinguishable. Further investigations would be required for definitive diagnosis.

Remember, the clinical scenario presented here is complex, and multiple factors need to be considered when making a diagnosis. Always consider the overall clinical picture and the context provided in the question stem.","1. ‛Eosinophilic pneumonia’ is the leading differential diagnosis. Eosinophilia and a history of asthma strongly suggest eosinophilic pneumonia, including ‛mycoplasma pneumonia’, eosinophilic pneumonia, and acute eosinophilic pneumonia (AEP) (1). Although the biopsy shows bronchial inflammation with scarring, it does not show any granulomas, making eosinophilic pneumonia rather than hypersensitivity pneumonia the prime candidate. Eosinophilic pneumonia is a rare group of disorders characterized by the accumulation of eosinophils in the alveoli, resulting in inflammation. Mycoplasma pneumonia is an infectious cause of acute eosinophilic pneumonia, accounting for approximately 20% of cases (2). It typically affects young adults, especially in Asia, and has a higher incidence in men than women. Patients usually present with fever, cough, dyspnea, pleuritic chest pain, and fatigue. Eosinophil counts in blood often exceed 1 × 109/L. Chest X-ray or computed tomography (CT) scan reveals diffuse micronodular opacities, with or without consolidation. Biopsy of lung tissue shows infiltration of eosinophils into the lungs, as well as intra-alveolar edema and hemorrhage. Treatment of mycoplasma pneumonia-associated eosinophilic pneumonia includes macrolides and corticosteroids. Prognosis is good, and mortality is rare.",23.54804539680481,21.396373987197876
Case 21-2022: A 17-Year-Old Girl with Fever and Cough,Granulomatosis with polyangiitis,"1. Acute Respiratory Distress Syndrome (ARDS): This condition is characterized by hypoxemic respiratory failure with bilateral infiltrates on imaging and absence of cardiac failure. It may develop secondary to various conditions including infection, sepsis, trauma, and aspiration. In this case, the patient's symptoms (e.g., fever, cough, fatigue, and shortness of breath), laboratory findings (e.g., leukocytosis, elevated C-reactive protein), and radiographic findings (e.g., patchy opacities, particularly in the lower lobes) are consistent with ARDS.

2. Community-Acquired Pneumonia (CAP): CAP is an infection of the lung parenchyma acquired outside of a healthcare setting. The clinical presentation of CAP is variable and depends on the causative pathogen. Symptoms typically include cough, sputum production, fever, pleuritic chest pain, and shortness of breath. Physical exam may reveal crackles, decreased breath sounds, and consolidation. Radiographically, CAP often presents as segmental or lobar consolidation. Given the patient's symptoms, signs, and radiological findings, CAP should be considered.

3. Pulmonary Embolism (PE): PE is a blockage in one or more of the pulmonary arteries due to a clot originating elsewhere in the venous system. While PE is typically associated with risk factors like immobility, surgery, or malignancy, it can occur in young individuals without these risk factors. Symptoms of PE can include dyspnea, pleuritic chest pain, hemoptysis, and tachypnea. Imaging studies, especially computed tomography angiography (CTA), are used to confirm the diagnosis. In this case, the patient has presented with acute-onset dyspnea, pleuritic chest pain, and hemoptysis, suggesting a possibility of PE.

In summary, considering the patient's symptoms, physical exam, lab results, and radiological findings, the three most likely differential diagnoses are Acute Respiratory Distress Syndrome, Community-Acquired Pneumonia, and Pulmonary Embolism. Each of these conditions requires further investigation and appropriate management based on their individual characteristics.","1. 2019 Novel Coronavirus Infection: Given the presence of a new and highly contagious viral respiratory pathogen, Covid-19, we first considered whether our patient might have acquired Covid-19 infection. The patient had the hallmark symptoms of fever, cough, myalgia, and fatigue, along with other nonspecific symptoms including chest discomfort, chills, rigors, shortness of breath, eye redness, and nasal congestion. The patient also had several risk factors for severe Covid-19, including obesity and young age. We noted a negative test result for SARS-CoV-2 RNA on the initial nasopharyngeal swab specimen, but this may have resulted from sampling error, given that a false-negative rate of up to 30% has been reported.",26.09463095664978,10.086092710494995
Case 33-2022: An 11-Year-Old Girl with Redness of the Eyes,Sarcoidosis,"1. Uveitis: This is the most likely diagnosis based on the patient's symptoms and examination findings. Uveitis is inflammation of the uvea, the pigmented layer of the eye that includes the iris, ciliary body, and choroid. It can cause redness of the eyes, blurry vision, and photophobia. The presence of keratic precipitates, anterior chamber cells, posterior synechiae, and optic-disk swelling seen on examination are characteristic features of uveitis. Additionally, the systemic involvement with lymphadenopathy suggests a systemic autoimmune disease such as juvenile idiopathic arthritis, which can also cause uveitis.
2. Tuberculosis: While the patient has a history of positive interferon-[gamma] release assay for M. tuberculosis and is being treated for possible tuberculosis, the primary manifestations of the disease are respiratory symptoms such as cough and shortness of breath. The patient denies any respiratory symptoms. The ocular findings of keratic precipitates, anterior chamber cells, optic-disk swelling, and vitreous white cells suggest uveitis rather than tuberculosis.
3. Sarcoidosis: Sarcoidosis is a multisystem granulomatous disorder that can affect various organs including the eyes. Ocular involvement in sarcoidosis typically presents as bilateral uveitis, with symptoms similar to those seen in this patient. However, the absence of other systemic symptoms such as cough, weight loss, or skin rashes makes sarcoidosis less likely. Also, the patient's positive interferon-[gamma] release assay for M. tuberculosis suggests that tuberculosis should be ruled out first.

These are the three most likely differentials based on the clinical presentation and diagnostic findings provided. Further investigations, such as further testing for tuberculosis and possibly sarcoidosis, would be necessary to confirm the exact diagnosis.

It's important to note that the key to understanding these differential diagnoses lies in the correlation between the symptoms and signs presented in the clinical case and their typical associations with each disease. The fact that the patient has uveitis (an inflammation of the uvea), is associated with systemic autoimmune diseases","1. ﻿Systemic juvenile idiopathic arthritis (JIA). JIA is the most common form of JIA, affecting 0.1-0.4% of children younger than age 16 years . The condition is characterized by arthritis lasting more than 6 weeks, with at least four of five manifestations: arthritis involving at least five joints; arthritis of two or more joints lasts for at least 6 weeks; other systemic features such as fevers, serositis, hepatomegaly, splenomegaly, or generalized lymphadenopathy; positive anti-nuclear antibodies or positive anticyclic citrullinated peptide antibody; and inflammation in the absence of a specific infectious agent. This patient has three of the five criteria met: arthritis involving at least five joints; other systemic features such as fevers, serositis, hepatomegaly, splenomegaly, or generalized lymphadenopathy; and inflammation in the absence of a specific infectious agent.",26.19951629638672,13.188518762588501
